{
  "circles": [
    {
      "y": 260.1721346583437, 
      "x": 6.669258117675781, 
      "id": 0
    }, 
    {
      "y": 12.461321848993379, 
      "x": 171.8612600910232, 
      "id": 1
    }, 
    {
      "y": 62.42729949951172, 
      "x": 62.42729949951172, 
      "id": 2
    }
  ], 
  "range": {
    "min_x": 0, 
    "min_y": 0, 
    "max_x": 300, 
    "max_y": 300
  }
}