{
  "circles": [
    {
      "y": 114.75463935789702, 
      "x": 10.047271728515625, 
      "id": 0
    }, 
    {
      "y": 248.76306912608794, 
      "x": 44.175263643428636, 
      "id": 1
    }, 
    {
      "y": 66.41950225830078, 
      "x": 66.41950225830078, 
      "id": 2
    }
  ], 
  "range": {
    "min_x": 0, 
    "min_y": 0, 
    "max_x": 300, 
    "max_y": 300
  }
}
